{
	"format_version": "1.21.6",
	"credit": "Made with Blockbench",
	"ambientocclusion": false,
	"textures": {
		"particle": "#door"
	},
	"elements": [
		{
			"from": [0, 0, 0],
			"to": [3, 16, 16],
			"faces": {
				"north": {"uv": [0.75, 8, 0, 12], "texture": "#door", "cullface": "north"},
				"east": {"uv": [4.75, 8, 0.75, 12], "texture": "#door"},
				"south": {"uv": [4.75, 8, 5.5, 12], "texture": "#door", "cullface": "south"},
				"west": {"uv": [0.75, 8, 4.75, 12], "texture": "#door", "cullface": "west"},
				"up": {"uv": [0, 0, 0, 0], "texture": "#door"},
				"down": {"uv": [4.75, 12, 0.75, 12.75], "rotation": 90, "texture": "#door", "cullface": "down"}
			}
		}
	]
}