{
	"format_version": "1.21.6",
	"credit": "Made with Blockbench",
	"ambientocclusion": false,
	"texture_size": [64, 64],
	"textures": {
		"particle": "#door"
	},
	"elements": [
		{
			"from": [0, 0, 0],
			"to": [3, 16, 16],
			"faces": {
				"north": {"uv": [16, 4, 15.25, 8], "texture": "#door", "cullface": "north"},
				"east": {"uv": [11.25, 4, 15.25, 8], "texture": "#door"},
				"south": {"uv": [10.5, 4, 11.25, 8], "texture": "#door", "cullface": "south"},
				"west": {"uv": [15.25, 4, 11.25, 8], "texture": "#door", "cullface": "west"},
				"up": {"uv": [15.25, 4, 11.25, 3.25], "rotation": 270, "texture": "#door"},
				"down": {"uv": [0, 0, 0, 0], "rotation": 90, "texture": "#door", "cullface": "down"}
			}
		}
	]
}